Object,Time,Focus On/Off
Sphere,3.28149,1
Sphere,3.681296,2
Capsule,3.681296,1
Capsule,3.967901,2
Cube,3.990139,1
Cube,4.001643,2
Cube,5.136045,1
Cube,5.302663,2
Capsule,5.313659,1
Capsule,5.647539,2
Sphere,5.658107,1
Sphere,6.002361,2
