Time, Object, PosX, PosY, PosZ, ScaleX, ScaleY, ScaleZ, ColX, ColY, ColZ
0.9978305,Table,0.08300269,0.3002155,0.7170963,0.8,0.3,0.8,-0.2684087,0.6017154,1.107343
1.004631,Table,0.08300269,0.3002155,0.7170963,0.8,0.3,0.8,-0.28296,0.6017154,1.084351
1.01162,Table,0.08300269,0.3002155,0.7170963,0.8,0.3,0.8,-0.2911316,0.6017154,1.067848
1.017555,Table,0.08300269,0.3002155,0.7170963,0.8,0.3,0.8,-0.3025699,0.6017154,1.055176
1.023591,Table,0.08300269,0.3002155,0.7170963,0.8,0.3,0.8,-0.3025699,0.6017154,1.055176
1.030637,Table,0.08300269,0.3002155,0.7170963,0.8,0.3,0.8,-0.3137495,0.6017154,1.042465
