Trial, ViewNo, ViewPos, object1ID, 1X, 1Z, object2ID, 2X, 2Z,object3ID,  3X, 3Z,object4ID, 4X, 4Z, object5ID, 5X, 5Z, Rot?, ObjShift?, ObjShifted
1,1,A,Donut,0.4810755,0.7305636,IceCream,-0.04772377,0.7087672,Cake,0.1595261,0.4778973,Milk,0.4163293,0.9719032,Hamburger,0.1982355,0.8555952,False,True,
1,2,B,Donut,0.3703204,0.6143351,IceCream,-0.04772377,0.7087672,Cake,0.1595261,0.4778973,Milk,0.4163293,0.9719032,Hamburger,0.1982355,0.8555952,False,True,Donut
2,1,A,Donut,-0.04710424,0.9736483,IceCream,0.1790795,1.069518,Cake,0.3297771,0.8465058,Milk,0.3385401,0.5784025,Hamburger,0.04633999,0.7599844,True,False,
2,2,B,Donut,-0.04924381,0.6234918,IceCream,-0.07033193,0.8682476,Cake,0.1883929,0.9424487,Milk,0.4460227,0.8677291,Hamburger,0.1828567,0.6461518,True,False,
3,1,A,Donut,0.2408061,0.7968007,IceCream,0.2832537,1.036471,Cake,0.02195084,0.9726483,Milk,-0.005549788,0.6240932,Hamburger,0.4121248,0.5596196,False,True,
3,2,A,Donut,0.2408061,0.7968007,IceCream,0.2832537,1.036471,Cake,0.02195084,0.9726483,Milk,-0.1184779,0.7720699,Hamburger,0.4121248,0.5596196,False,True,Milk
